Datetime,Water Level (m)
2025-11-26 12:00:00,-0.030918932
2025-11-26 13:00:00,0.15956429
2025-11-26 14:00:00,0.29991797
2025-11-26 15:00:00,0.39492163
2025-11-26 16:00:00,0.38501105
2025-11-26 17:00:00,0.27430606
2025-11-26 18:00:00,0.13599326
2025-11-26 19:00:00,0.021693947
2025-11-26 20:00:00,-0.071659125
2025-11-26 21:00:00,-0.1421312
2025-11-26 22:00:00,-0.19052553
2025-11-26 23:00:00,-0.17907709
2025-11-27 00:00:00,0.04368763
2025-11-27 01:00:00,0.2973711
2025-11-27 02:00:00,0.48791543
2025-11-27 03:00:00,0.6075806
2025-11-27 04:00:00,0.64394116
2025-11-27 05:00:00,0.55034125
2025-11-27 06:00:00,0.3580779
2025-11-27 07:00:00,0.20461284
2025-11-27 08:00:00,0.08789116
2025-11-27 09:00:00,0.010208296
2025-11-27 10:00:00,-0.0518115
2025-11-27 11:00:00,-0.107931815
2025-11-27 12:00:00,-0.14182906
2025-11-27 13:00:00,-0.056624107
2025-11-27 14:00:00,0.18349667
2025-11-27 15:00:00,0.40300643
2025-11-27 16:00:00,0.5407527
2025-11-27 17:00:00,0.5773851
2025-11-27 18:00:00,0.49132854
2025-11-27 19:00:00,0.31839058
2025-11-27 20:00:00,0.18321681
2025-11-27 21:00:00,0.07071953
2025-11-27 22:00:00,-0.011891958
2025-11-27 23:00:00,-0.06575804
2025-11-28 00:00:00,-0.053086184
2025-11-28 01:00:00,0.11851496
2025-11-28 02:00:00,0.3335121
2025-11-28 03:00:00,0.53680545
2025-11-28 04:00:00,0.6616492
2025-11-28 05:00:00,0.70901734
2025-11-28 06:00:00,0.6421109
2025-11-28 07:00:00,0.45925266
2025-11-28 08:00:00,0.30678904
2025-11-28 09:00:00,0.17949416
2025-11-28 10:00:00,0.084757626
2025-11-28 11:00:00,0.010199268
2025-11-28 12:00:00,-0.05263102
2025-11-28 13:00:00,-0.09193995
2025-11-28 14:00:00,-0.0054720338
2025-11-28 15:00:00,0.22983281
2025-11-28 16:00:00,0.4509825
2025-11-28 17:00:00,0.5998141
2025-11-28 18:00:00,0.65211004
2025-11-28 19:00:00,0.5986049
2025-11-28 20:00:00,0.42821202
2025-11-28 21:00:00,0.28182107
2025-11-28 22:00:00,0.15716608
2025-11-28 23:00:00,0.06286749
2025-11-29 00:00:00,-0.002941563
2025-11-29 01:00:00,-0.030563904
2025-11-29 02:00:00,0.073634736
2025-11-29 03:00:00,0.28568617
2025-11-29 04:00:00,0.49884558
2025-11-29 05:00:00,0.64703596
2025-11-29 06:00:00,0.7013262
2025-11-29 07:00:00,0.65568197
2025-11-29 08:00:00,0.48636973
2025-11-29 09:00:00,0.33241785
2025-11-29 10:00:00,0.20127809
2025-11-29 11:00:00,0.09824951
2025-11-29 12:00:00,0.018519595
2025-11-29 13:00:00,-0.050506882
2025-11-29 14:00:00,-0.09770483
2025-11-29 15:00:00,-0.010416759
2025-11-29 16:00:00,0.25005808
2025-11-29 17:00:00,0.48249128
2025-11-29 18:00:00,0.6441778
2025-11-29 19:00:00,0.7101331
2025-11-29 20:00:00,0.6737754
2025-11-29 21:00:00,0.49779734
2025-11-29 22:00:00,0.33663276
2025-11-29 23:00:00,0.20508814
2025-11-30 00:00:00,0.10369722
2025-11-30 01:00:00,0.030293902
2025-11-30 02:00:00,-0.020808842
2025-11-30 03:00:00,0.011526576
2025-11-30 04:00:00,0.21717225
2025-11-30 05:00:00,0.44059893
2025-11-30 06:00:00,0.62143034
2025-11-30 07:00:00,0.70010066
2025-11-30 08:00:00,0.6835161
2025-11-30 09:00:00,0.5265686
2025-11-30 10:00:00,0.3576743
2025-11-30 11:00:00,0.21981001
2025-11-30 12:00:00,0.10672829
2025-11-30 13:00:00,0.019185608
2025-11-30 14:00:00,-0.055218756
2025-11-30 15:00:00,-0.104953215
2025-11-30 16:00:00,0.012892483
2025-11-30 17:00:00,0.30215263
2025-11-30 18:00:00,0.54274917
2025-11-30 19:00:00,0.7105978
2025-11-30 20:00:00,0.7868363
2025-11-30 21:00:00,0.7446577
2025-11-30 22:00:00,0.55707866
2025-11-30 23:00:00,0.37953869
2025-12-01 00:00:00,0.2417061
2025-12-01 01:00:00,0.13264036
2025-12-01 02:00:00,0.053554483
2025-12-01 03:00:00,-0.012298091
2025-12-01 04:00:00,-0.029021729
2025-12-01 05:00:00,0.17377427
2025-12-01 06:00:00,0.4272088
2025-12-01 07:00:00,0.6282951
2025-12-01 08:00:00,0.72645336
2025-12-01 09:00:00,0.7170815
2025-12-01 10:00:00,0.55394703
2025-12-01 11:00:00,0.3720817
2025-12-01 12:00:00,0.22653551
2025-12-01 13:00:00,0.10674299
2025-12-01 14:00:00,0.014561572
2025-12-01 15:00:00,-0.062115006
2025-12-01 16:00:00,-0.110628225
2025-12-01 17:00:00,0.057817698
2025-12-01 18:00:00,0.3740864
2025-12-01 19:00:00,0.61698085
2025-12-01 20:00:00,0.7815409
2025-12-01 21:00:00,0.8604456
2025-12-01 22:00:00,0.8080724
2025-12-01 23:00:00,0.6066512
2025-12-02 00:00:00,0.41139007
2025-12-02 01:00:00,0.26529914
2025-12-02 02:00:00,0.15350541
2025-12-02 03:00:00,0.07628742
2025-12-02 04:00:00,0.0052383067
2025-12-02 05:00:00,-0.024601048
2025-12-02 06:00:00,0.20036636
2025-12-02 07:00:00,0.47811183
2025-12-02 08:00:00,0.6797191
2025-12-02 09:00:00,0.77275616
2025-12-02 10:00:00,0.7467104
2025-12-02 11:00:00,0.56501305
2025-12-02 12:00:00,0.3796527
